name,email,status,verified,url,date_add,address
ayadi,ayadi1@gmail.com,active,verified,http://www.google.com,0000-00-00 00:00:00,kairouan
ayadi,ayadi2@gmail.com,active,verified,http://www.google.com,0000-00-00 00:00:00,kairouan
ayadi,ayadi3@gmail.com,active,verified,http://www.google.com,0000-00-00 00:00:00,kairouan
ayadi,ayadi4@gmail.com,active,verified,http://www.google.com,0000-00-00 00:00:00,kairouan
ayadi,ayadi5@gmail.com,active,verified,http://www.google.com,0000-00-00 00:00:00,kairouan
ayadi,ayadi6@gmail.com,active,verified,http://www.google.com,0000-00-00 00:00:00,kairouan
ayadi,ayadi7@gmail.com,active,verified,http://www.google.com,0000-00-00 00:00:00,kairouan
ayadi,ayadi8@gmail.com,active,verified,http://www.google.com,0000-00-00 00:00:00,kairouan
ayadi,ayadi9@gmail.com,active,verified,http://www.google.com,0000-00-00 00:00:00,kairouan
ayadi,ayadi10@gmail.com,active,verified,http://www.google.com,0000-00-00 00:00:00,kairouan
ayadi,ayadi11@gmail.com,active,verified,http://www.google.com,0000-00-00 00:00:00,kairouan
ayadi,ayadi12@gmail.com,active,verified,http://www.google.com,0000-00-00 00:00:00,kairouan
ayadi,ayadi13@gmail.com,active,verified,http://www.google.com,0000-00-00 00:00:00,kairouan
ayadi,ayadi14@gmail.com,active,verified,http://www.google.com,0000-00-00 00:00:00,kairouan
ayadi,ayadi15@gmail.com,active,verified,http://www.google.com,0000-00-00 00:00:00,kairouan
ayadi,ayadi16@gmail.com,active,verified,http://www.google.com,0000-00-00 00:00:00,kairouan
ayadi,ayadi17@gmail.com,active,verified,http://www.google.com,0000-00-00 00:00:00,kairouan
ayadi,ayadi18@gmail.com,active,verified,http://www.google.com,0000-00-00 00:00:00,kairouan
ayadi,ayadi19@gmail.com,active,verified,http://www.google.com,0000-00-00 00:00:00,kairouan
ayadi,ayadi20@gmail.com,active,verified,http://www.google.com,0000-00-00 00:00:00,kairouan